{"cameraMode":{"drawMode":0,"name":"Shaded","section":"Shading Mode"},"sceneLighting":true,"audioPlay":false,"sceneViewState":{"m_AlwaysRefresh":false,"showFog":true,"showSkybox":true,"showFlares":true,"showImageEffects":true,"showParticleSystems":true,"showVisualEffectGraphs":true,"m_FxEnabled":true},"in2DMode":false,"pivot":{"x":5.9036078453063969,"y":6.450510501861572,"z":12.942543983459473},"rotation":{"x":0.27981117367744448,"y":0.24889416992664338,"z":-0.07539594173431397,"w":0.9241949915885925},"size":17.095922470092775,"orthographic":false}