{"cameraMode":{"drawMode":0,"name":"Shaded","section":"Shading Mode"},"sceneLighting":false,"audioPlay":false,"sceneViewState":{"m_AlwaysRefresh":false,"showFog":true,"showSkybox":false,"showFlares":true,"showImageEffects":true,"showParticleSystems":true,"showVisualEffectGraphs":true,"m_FxEnabled":true},"in2DMode":false,"pivot":{"x":0.005040526390075684,"y":0.25381073355674746,"z":-0.005894914269447327},"rotation":{"x":0.0005807499983347952,"y":0.9953009486198425,"z":-0.005971042905002832,"w":0.09674543887376785},"size":0.9341439604759216,"orthographic":false}